DATE	TIME	OPEN	HIGH	LOW	CLOSE	TICKVOL	VOL	SPREAD
2022.11.17	02:45:00	1773.62	1774.09	1772.96	1773.56	826	0	6
2022.11.17	03:00:00	1773.56	1774.56	1773.03	1774.47	1383	0	6
2022.11.17	03:15:00	1774.49	1774.85	1772.42	1772.57	1016	0	10
2022.11.17	03:30:00	1772.50	1773.37	1772.10	1772.10	1060	0	10
2022.11.17	03:45:00	1772.10	1772.17	1769.26	1769.84	1540	0	10
2022.11.17	04:00:00	1769.84	1769.96	1768.04	1768.75	1349	0	10
2022.11.17	04:15:00	1768.76	1768.85	1766.70	1767.24	1054	0	10
2022.11.17	04:30:00	1767.25	1768.77	1767.16	1767.92	1033	0	10
2022.11.17	04:45:00	1767.80	1768.41	1766.35	1767.49	886	0	10
2022.11.17	05:00:00	1767.39	1767.54	1764.66	1764.83	1265	0	10
2022.11.17	05:15:00	1764.81	1765.01	1762.94	1763.83	1299	0	10
2022.11.17	05:30:00	1763.84	1763.95	1763.10	1763.23	714	0	10
2022.11.17	05:45:00	1763.20	1764.11	1763.16	1763.89	731	0	10
2022.11.17	06:00:00	1763.95	1764.12	1762.69	1763.00	840	0	10
2022.11.17	06:15:00	1763.01	1763.85	1762.61	1762.92	785	0	10
2022.11.17	06:30:00	1762.92	1763.33	1762.34	1762.57	735	0	10
2022.11.17	06:45:00	1762.58	1763.16	1762.02	1762.37	607	0	10
2022.11.17	07:00:00	1762.37	1762.62	1761.43	1762.06	837	0	10
2022.11.17	07:15:00	1762.05	1763.59	1761.89	1763.18	1122	0	10
2022.11.17	07:30:00	1763.18	1764.08	1762.78	1763.51	1314	0	10
2022.11.17	07:45:00	1763.50	1763.72	1762.73	1763.10	1058	0	10
2022.11.17	08:00:00	1763.08	1764.79	1762.92	1764.71	1172	0	10
2022.11.17	08:15:00	1764.72	1765.65	1764.59	1765.22	1131	0	10
2022.11.17	08:30:00	1765.23	1765.52	1764.60	1765.14	798	0	10
2022.11.17	08:45:00	1765.12	1768.35	1765.10	1768.03	1337	0	10
2022.11.17	09:00:00	1768.06	1768.12	1765.34	1766.27	1595	0	10
2022.11.17	09:15:00	1766.27	1766.88	1765.76	1766.19	1422	0	10
2022.11.17	09:30:00	1766.20	1769.05	1766.13	1767.92	1877	0	10
2022.11.17	09:45:00	1767.93	1768.06	1765.45	1767.01	1919	0	10
2022.11.17	10:00:00	1767.00	1769.33	1766.98	1768.11	2885	0	10
2022.11.17	10:15:00	1768.10	1770.99	1768.10	1769.51	2818	0	10
2022.11.17	10:30:00	1769.52	1770.54	1768.34	1768.34	2328	0	10
2022.11.17	10:45:00	1768.38	1768.86	1767.02	1767.05	2243	0	10
2022.11.17	11:00:00	1767.07	1768.02	1766.48	1767.55	2220	0	10
2022.11.17	11:15:00	1767.55	1768.50	1766.78	1766.79	1732	0	10
2022.11.17	11:30:00	1766.76	1766.76	1763.44	1764.77	2441	0	10
2022.11.17	11:45:00	1764.82	1766.59	1764.21	1765.50	1813	0	10
2022.11.17	12:00:00	1765.50	1766.03	1763.36	1764.45	1725	0	10
2022.11.17	12:15:00	1764.45	1765.58	1764.35	1765.24	1478	0	10
2022.11.17	12:30:00	1765.22	1765.24	1762.52	1763.91	1417	0	10
2022.11.17	12:45:00	1763.91	1764.22	1761.70	1762.60	2059	0	10
2022.11.17	13:00:00	1762.60	1764.11	1762.19	1762.23	1887	0	10
2022.11.17	13:15:00	1762.22	1763.15	1761.49	1762.74	1604	0	10
2022.11.17	13:30:00	1762.74	1764.63	1761.98	1763.31	2288	0	10
2022.11.17	13:45:00	1763.36	1765.79	1763.18	1765.57	2417	0	10
2022.11.17	14:00:00	1765.58	1766.62	1764.58	1765.90	2115	0	10
2022.11.17	14:15:00	1765.97	1767.67	1764.44	1764.86	2372	0	10
2022.11.17	14:30:00	1764.84	1765.44	1762.62	1762.93	2260	0	10
2022.11.17	14:45:00	1762.93	1764.29	1761.20	1764.25	2502	0	10
2022.11.17	15:00:00	1764.25	1764.64	1756.70	1759.82	4598	0	10
2022.11.17	15:15:00	1759.78	1763.73	1757.89	1762.90	3447	0	10
2022.11.17	15:30:00	1762.90	1766.08	1758.55	1760.25	4325	0	10
2022.11.17	15:45:00	1760.24	1760.97	1756.36	1756.59	3911	0	10
2022.11.17	16:00:00	1756.57	1757.52	1754.48	1756.78	3488	0	10
2022.11.17	16:15:00	1756.75	1760.06	1756.72	1759.83	2816	0	10
2022.11.17	16:30:00	1759.78	1760.83	1758.48	1759.88	4292	0	10
2022.11.17	16:45:00	1759.88	1761.23	1758.64	1759.79	3397	0	10
2022.11.17	17:00:00	1759.77	1761.01	1758.55	1760.00	2990	0	10
2022.11.17	17:15:00	1759.99	1762.92	1759.68	1762.36	2722	0	10
2022.11.17	17:30:00	1762.36	1762.36	1758.32	1759.38	2902	0	10
2022.11.17	17:45:00	1759.33	1760.44	1758.29	1760.25	3349	0	10
2022.11.17	18:00:00	1760.25	1760.44	1758.51	1759.75	2328	0	10
2022.11.17	18:15:00	1759.74	1759.94	1758.49	1759.34	2159	0	10
2022.11.17	18:30:00	1759.34	1759.34	1756.57	1758.42	1901	0	10
2022.11.17	18:45:00	1758.42	1758.61	1755.46	1758.08	1918	0	10
2022.11.17	19:00:00	1758.08	1759.31	1757.74	1758.93	2071	0	10
2022.11.17	19:15:00	1758.93	1759.13	1757.96	1758.28	1198	0	10
2022.11.17	19:30:00	1758.28	1759.31	1757.73	1759.06	993	0	10
2022.11.17	19:45:00	1759.06	1761.07	1759.06	1760.22	1445	0	10
2022.11.17	20:00:00	1760.22	1760.67	1759.46	1760.30	1230	0	10
2022.11.17	20:15:00	1760.30	1761.17	1759.59	1760.61	1258	0	10
2022.11.17	20:30:00	1760.70	1762.33	1760.28	1761.94	1145	0	10
2022.11.17	20:45:00	1761.86	1761.94	1759.96	1760.85	1020	0	10
2022.11.17	21:00:00	1760.86	1761.77	1760.42	1761.46	1352	0	10
2022.11.17	21:15:00	1761.44	1761.46	1760.06	1760.96	1301	0	10
2022.11.17	21:30:00	1760.96	1761.79	1760.27	1760.29	922	0	10
2022.11.17	21:45:00	1760.29	1761.21	1759.82	1760.81	1031	0	10
2022.11.17	22:00:00	1760.81	1761.32	1759.88	1760.17	1124	0	10
2022.11.17	22:15:00	1760.17	1760.33	1759.74	1760.08	794	0	10
2022.11.17	22:30:00	1760.07	1760.81	1759.97	1760.42	828	0	10
2022.11.17	22:45:00	1760.42	1761.42	1760.40	1760.99	933	0	10
2022.11.17	23:00:00	1761.01	1761.23	1760.69	1760.99	424	0	10
2022.11.17	23:15:00	1760.92	1761.08	1760.42	1760.85	240	0	10
2022.11.17	23:30:00	1760.85	1761.06	1760.82	1760.95	255	0	10
2022.11.17	23:45:00	1760.95	1761.03	1760.32	1760.74	181	0	10
2022.11.18	01:00:00	1760.37	1760.96	1760.32	1760.44	345	0	6
2022.11.18	01:15:00	1760.44	1760.83	1759.47	1759.70	646	0	6
2022.11.18	01:30:00	1759.66	1760.53	1759.32	1760.43	483	0	6
2022.11.18	01:45:00	1760.52	1760.98	1759.91	1760.12	408	0	6
2022.11.18	02:00:00	1760.11	1761.26	1759.98	1761.00	597	0	6
2022.11.18	02:15:00	1761.02	1762.46	1760.87	1762.06	671	0	6
2022.11.18	02:30:00	1762.07	1763.50	1761.94	1763.37	579	0	6
2022.11.18	02:45:00	1763.34	1763.73	1762.83	1763.06	762	0	6
2022.11.18	03:00:00	1763.05	1764.33	1762.16	1764.08	1236	0	6
2022.11.18	03:15:00	1763.99	1764.51	1763.21	1763.76	1110	0	10
2022.11.18	03:30:00	1763.77	1764.07	1762.00	1762.75	1359	0	10
2022.11.18	03:45:00	1762.75	1763.37	1761.86	1763.04	1403	0	10
2022.11.18	04:00:00	1763.00	1764.08	1763.00	1763.27	1358	0	10
2022.11.18	04:15:00	1763.27	1764.02	1762.80	1763.98	840	0	10
2022.11.18	04:30:00	1763.98	1764.31	1762.92	1763.05	952	0	10
2022.11.18	04:45:00	1763.05	1763.67	1762.51	1762.72	961	0	10
2022.11.18	05:00:00	1762.73	1764.07	1762.39	1762.52	867	0	10
2022.11.18	05:15:00	1762.48	1762.87	1761.70	1762.12	809	0	10
2022.11.18	05:30:00	1762.12	1763.59	1761.35	1763.57	700	0	10
2022.11.18	05:45:00	1763.57	1765.77	1763.49	1764.89	1173	0	10
2022.11.18	06:00:00	1764.88	1765.27	1763.89	1763.95	711	0	10
2022.11.18	06:15:00	1763.95	1764.63	1763.67	1763.91	452	0	10
2022.11.18	06:30:00	1763.91	1763.91	1762.61	1762.85	460	0	10
2022.11.18	06:45:00	1762.82	1762.93	1762.15	1762.59	575	0	10
2022.11.18	07:00:00	1762.59	1762.98	1761.57	1761.78	630	0	10
2022.11.18	07:15:00	1761.78	1762.14	1761.19	1761.56	788	0	10
2022.11.18	07:30:00	1761.42	1762.68	1761.13	1762.10	832	0	10
2022.11.18	07:45:00	1762.09	1764.13	1761.91	1764.06	658	0	10
2022.11.18	08:00:00	1764.05	1764.59	1763.49	1763.66	914	0	10
2022.11.18	08:15:00	1763.66	1764.49	1763.36	1763.61	784	0	10
2022.11.18	08:30:00	1763.61	1763.93	1762.76	1762.96	725	0	10
2022.11.18	08:45:00	1762.96	1764.16	1762.80	1763.86	773	0	10
2022.11.18	09:00:00	1763.86	1766.29	1763.47	1766.05	1307	0	10
2022.11.18	09:15:00	1766.00	1766.22	1764.03	1764.38	1220	0	10
2022.11.18	09:30:00	1764.38	1765.70	1763.27	1765.66	1202	0	10
2022.11.18	09:45:00	1765.66	1766.87	1765.41	1765.58	1407	0	10
2022.11.18	10:00:00	1765.49	1765.87	1762.52	1763.73	2600	0	10
2022.11.18	10:15:00	1763.73	1763.80	1761.96	1763.26	2414	0	10
2022.11.18	10:30:00	1763.29	1764.04	1762.36	1763.22	2328	0	10
2022.11.18	10:45:00	1763.25	1763.44	1761.76	1762.71	2291	0	10
2022.11.18	11:00:00	1762.70	1763.35	1760.70	1762.24	2573	0	10
2022.11.18	11:15:00	1762.24	1765.63	1761.59	1765.23	2082	0	10
2022.11.18	11:30:00	1765.23	1767.69	1765.23	1766.73	1991	0	10
2022.11.18	11:45:00	1766.72	1766.94	1763.72	1764.20	1685	0	10
2022.11.18	12:00:00	1764.19	1765.00	1763.71	1764.11	1364	0	10
2022.11.18	12:15:00	1764.13	1764.93	1762.90	1763.19	1226	0	10
2022.11.18	12:30:00	1763.20	1764.96	1763.20	1764.55	1605	0	10
2022.11.18	12:45:00	1764.54	1765.61	1764.44	1765.12	1579	0	10
2022.11.18	13:00:00	1765.14	1765.69	1764.25	1764.37	1786	0	10
2022.11.18	13:15:00	1764.43	1764.75	1761.53	1762.71	1523	0	10
2022.11.18	13:30:00	1762.71	1762.97	1760.76	1760.76	1767	0	10
2022.11.18	13:45:00	1760.74	1761.51	1759.97	1760.35	1622	0	10
2022.11.18	14:00:00	1760.36	1761.84	1759.15	1761.51	1691	0	10
2022.11.18	14:15:00	1761.50	1762.61	1761.17	1762.16	1358	0	10
2022.11.18	14:30:00	1762.16	1762.23	1760.21	1760.25	1571	0	10
2022.11.18	14:45:00	1760.24	1761.22	1759.39	1760.02	1517	0	10
2022.11.18	15:00:00	1760.02	1761.63	1758.14	1761.05	2431	0	10
2022.11.18	15:15:00	1761.08	1764.15	1760.84	1763.65	2723	0	10
2022.11.18	15:30:00	1763.64	1763.64	1760.99	1762.38	2613	0	10
2022.11.18	15:45:00	1762.38	1762.42	1759.23	1760.23	2952	0	10
2022.11.18	16:00:00	1760.24	1761.23	1758.64	1759.91	2759	0	10
2022.11.18	16:15:00	1759.91	1760.74	1754.75	1755.39	2854	0	10
2022.11.18	16:30:00	1755.44	1757.14	1753.66	1754.29	4074	0	10
2022.11.18	16:45:00	1754.32	1754.93	1749.91	1753.54	3742	0	10
2022.11.18	17:00:00	1753.54	1754.27	1751.05	1754.10	3310	0	10
2022.11.18	17:15:00	1754.08	1756.69	1753.26	1756.12	3049	0	10
2022.11.18	17:30:00	1756.11	1756.48	1754.92	1754.92	2407	0	10
2022.11.18	17:45:00	1754.92	1758.63	1754.89	1757.33	2962	0	10
2022.11.18	18:00:00	1757.29	1757.65	1756.22	1757.62	2306	0	10
2022.11.18	18:15:00	1757.58	1757.94	1756.59	1756.60	2518	0	10
2022.11.18	18:30:00	1756.59	1757.08	1754.80	1754.93	2009	0	10
2022.11.18	18:45:00	1754.93	1755.14	1753.01	1754.20	1745	0	10
2022.11.18	19:00:00	1754.25	1754.92	1753.24	1753.37	1360	0	10
2022.11.18	19:15:00	1753.34	1753.34	1750.13	1751.75	1781	0	10
2022.11.18	19:30:00	1751.75	1752.87	1751.11	1751.94	1055	0	10
2022.11.18	19:45:00	1751.93	1752.63	1751.13	1751.33	1166	0	10
2022.11.18	20:00:00	1751.33	1752.28	1750.45	1751.89	1115	0	10
2022.11.18	20:15:00	1751.89	1752.86	1751.53	1752.69	1035	0	10
2022.11.18	20:30:00	1752.70	1752.72	1750.29	1750.41	747	0	10
2022.11.18	20:45:00	1750.41	1750.51	1749.05	1749.06	917	0	10
2022.11.18	21:00:00	1749.07	1749.62	1748.06	1748.55	675	0	10
2022.11.18	21:15:00	1748.55	1749.53	1748.25	1749.04	779	0	10
2022.11.18	21:30:00	1749.06	1749.29	1747.52	1747.85	975	0	10
2022.11.18	21:45:00	1747.85	1748.75	1747.74	1748.36	948	0	10
2022.11.18	22:00:00	1748.36	1749.82	1747.62	1749.41	1225	0	10
2022.11.18	22:15:00	1749.42	1749.61	1748.25	1749.12	940	0	10
2022.11.18	22:30:00	1749.11	1749.83	1748.41	1749.59	1021	0	10
2022.11.18	22:45:00	1749.56	1749.63	1748.14	1748.63	1154	0	10
2022.11.18	23:00:00	1748.63	1749.12	1748.49	1749.04	396	0	10
2022.11.18	23:15:00	1749.04	1750.08	1749.04	1749.85	230	0	10
2022.11.18	23:30:00	1749.88	1750.15	1749.60	1749.71	295	0	10
2022.11.18	23:45:00	1749.62	1750.53	1749.43	1750.14	297	0	10
2022.11.21	01:00:00	1751.47	1752.15	1751.09	1751.66	630	0	6
2022.11.21	01:15:00	1751.66	1751.98	1750.99	1751.01	704	0	6
2022.11.21	01:30:00	1750.99	1751.84	1750.90	1751.78	679	0	6
2022.11.21	01:45:00	1751.78	1752.69	1751.66	1752.28	704	0	6
2022.11.21	02:00:00	1752.22	1752.97	1751.11	1751.23	804	0	6
2022.11.21	02:15:00	1751.21	1751.27	1750.39	1750.47	388	0	6
2022.11.21	02:30:00	1750.43	1750.47	1749.58	1750.24	536	0	6
2022.11.21	02:45:00	1750.24	1751.01	1750.18	1750.51	826	0	6
2022.11.21	03:00:00	1750.48	1750.48	1747.83	1748.71	1319	0	6
2022.11.21	03:15:00	1748.67	1748.81	1744.93	1745.26	1811	0	10
2022.11.21	03:30:00	1745.25	1747.83	1744.29	1747.36	1705	0	10
2022.11.21	03:45:00	1747.45	1747.85	1745.44	1746.17	1274	0	10
2022.11.21	04:00:00	1746.32	1746.34	1744.49	1744.69	1333	0	10
2022.11.21	04:15:00	1744.69	1746.05	1744.27	1745.49	1121	0	10
2022.11.21	04:30:00	1745.46	1745.97	1743.96	1744.18	1034	0	10
2022.11.21	04:45:00	1744.11	1744.62	1743.77	1744.36	1296	0	10
2022.11.21	05:00:00	1744.36	1745.46	1744.24	1745.12	971	0	10
2022.11.21	05:15:00	1745.10	1746.57	1744.66	1746.40	946	0	10
2022.11.21	05:30:00	1746.53	1746.76	1745.66	1745.87	635	0	10
2022.11.21	05:45:00	1745.82	1746.90	1745.77	1746.73	523	0	10
2022.11.21	06:00:00	1746.73	1747.43	1746.50	1746.76	499	0	10
2022.11.21	06:15:00	1746.76	1746.83	1745.86	1746.51	586	0	10
2022.11.21	06:30:00	1746.51	1746.52	1745.05	1745.45	763	0	10
2022.11.21	06:45:00	1745.44	1746.44	1744.93	1746.05	565	0	10
2022.11.21	07:00:00	1746.05	1746.69	1745.35	1746.41	940	0	10
2022.11.21	07:15:00	1746.45	1746.93	1745.66	1746.26	1062	0	10
2022.11.21	07:30:00	1746.26	1746.41	1744.55	1744.92	1118	0	10
2022.11.21	07:45:00	1744.89	1747.15	1744.34	1746.78	1025	0	10
2022.11.21	08:00:00	1746.77	1747.06	1746.06	1746.88	1474	0	10
2022.11.21	08:15:00	1746.88	1747.07	1745.72	1745.85	1315	0	10
2022.11.21	08:30:00	1745.87	1746.23	1744.85	1745.56	1208	0	10
2022.11.21	08:45:00	1745.54	1745.92	1744.54	1745.39	1100	0	10
2022.11.21	09:00:00	1745.41	1746.89	1744.65	1746.76	1643	0	10
2022.11.21	09:15:00	1746.77	1746.87	1744.69	1744.76	1719	0	10
2022.11.21	09:30:00	1744.76	1745.73	1742.32	1742.88	1905	0	10
2022.11.21	09:45:00	1742.81	1743.73	1742.03	1742.53	1507	0	10
2022.11.21	10:00:00	1742.56	1744.13	1741.67	1742.93	2437	0	10
2022.11.21	10:15:00	1742.93	1742.97	1741.07	1742.45	2174	0	10
2022.11.21	10:30:00	1742.43	1743.18	1740.62	1741.62	1753	0	10
2022.11.21	10:45:00	1741.62	1742.16	1740.83	1742.05	1646	0	10
2022.11.21	11:00:00	1742.04	1742.91	1739.19	1739.44	1957	0	10
2022.11.21	11:15:00	1739.55	1741.45	1739.19	1739.80	2038	0	10
2022.11.21	11:30:00	1739.80	1740.33	1737.45	1737.80	2154	0	10
2022.11.21	11:45:00	1737.81	1739.50	1736.99	1738.48	1954	0	10
2022.11.21	12:00:00	1738.48	1742.02	1738.01	1741.34	1830	0	10
2022.11.21	12:15:00	1741.35	1741.59	1740.00	1740.18	1448	0	10
2022.11.21	12:30:00	1740.18	1740.54	1739.62	1740.22	1366	0	10
2022.11.21	12:45:00	1740.22	1742.21	1740.06	1741.78	1550	0	10
2022.11.21	13:00:00	1741.77	1741.77	1740.17	1741.01	1465	0	10
2022.11.21	13:15:00	1741.01	1741.45	1739.81	1740.05	1285	0	10
2022.11.21	13:30:00	1740.04	1740.62	1739.85	1740.29	1291	0	10
2022.11.21	13:45:00	1740.29	1741.26	1739.81	1740.03	1441	0	10
2022.11.21	14:00:00	1739.98	1740.61	1739.80	1740.06	1600	0	10
2022.11.21	14:15:00	1740.06	1740.71	1739.19	1740.68	1335	0	10
2022.11.21	14:30:00	1740.69	1740.99	1739.72	1740.62	1194	0	10
2022.11.21	14:45:00	1740.63	1741.14	1739.87	1740.43	1542	0	10
2022.11.21	15:00:00	1740.44	1742.80	1739.34	1742.38	2501	0	10
2022.11.21	15:15:00	1742.40	1746.98	1742.23	1746.12	2934	0	10
2022.11.21	15:30:00	1746.13	1746.26	1742.41	1743.03	2515	0	10
2022.11.21	15:45:00	1742.87	1744.58	1741.60	1743.49	2639	0	10
2022.11.21	16:00:00	1743.55	1744.33	1742.59	1744.05	2309	0	10
2022.11.21	16:15:00	1744.03	1746.41	1743.91	1744.86	3421	0	10
2022.11.21	16:30:00	1744.98	1745.66	1740.56	1740.67	4464	0	10
2022.11.21	16:45:00	1740.66	1743.03	1739.93	1741.30	4078	0	10
2022.11.21	17:00:00	1741.31	1741.99	1736.06	1736.76	3662	0	10
2022.11.21	17:15:00	1736.72	1737.91	1735.96	1737.02	2735	0	10
2022.11.21	17:30:00	1737.02	1738.43	1736.14	1738.30	3116	0	10
2022.11.21	17:45:00	1738.46	1738.68	1736.14	1736.71	2666	0	10
2022.11.21	18:00:00	1736.67	1736.71	1734.23	1735.48	2274	0	10
2022.11.21	18:15:00	1735.41	1735.41	1733.32	1734.02	2172	0	10
2022.11.21	18:30:00	1734.01	1734.75	1733.52	1734.16	2652	0	10
2022.11.21	18:45:00	1734.16	1734.38	1732.51	1732.98	2067	0	10
2022.11.21	19:00:00	1733.00	1736.68	1732.93	1736.03	2621	0	10
2022.11.21	19:15:00	1736.03	1736.68	1734.90	1735.59	1440	0	10
2022.11.21	19:30:00	1735.59	1737.09	1735.54	1736.81	1163	0	10
2022.11.21	19:45:00	1736.82	1737.37	1736.42	1736.64	1595	0	10
2022.11.21	20:00:00	1736.64	1739.64	1736.12	1739.31	1760	0	10
2022.11.21	20:15:00	1739.29	1739.44	1737.48	1737.91	1862	0	10
2022.11.21	20:30:00	1737.99	1738.95	1737.57	1737.59	1739	0	10
2022.11.21	20:45:00	1737.58	1737.96	1737.07	1737.14	1139	0	10
2022.11.21	21:00:00	1737.14	1739.31	1737.14	1739.18	1274	0	10
2022.11.21	21:15:00	1739.21	1739.25	1738.07	1738.45	1204	0	10
2022.11.21	21:30:00	1738.45	1739.16	1737.92	1737.95	942	0	10
2022.11.21	21:45:00	1737.94	1738.19	1735.35	1735.44	1420	0	10
2022.11.21	22:00:00	1735.44	1737.63	1735.39	1737.28	1480	0	10
2022.11.21	22:15:00	1737.27	1738.10	1736.79	1737.16	890	0	10
2022.11.21	22:30:00	1737.19	1738.51	1737.11	1738.05	1099	0	10
2022.11.21	22:45:00	1738.07	1739.26	1738.07	1739.20	1826	0	10
2022.11.21	23:00:00	1739.24	1739.26	1738.71	1738.90	776	0	10
2022.11.21	23:15:00	1738.87	1739.38	1738.79	1739.24	427	0	10
2022.11.21	23:30:00	1739.24	1739.34	1738.05	1738.19	449	0	10
2022.11.21	23:45:00	1738.06	1738.64	1738.02	1738.51	330	0	10
2022.11.22	01:00:00	1738.95	1739.02	1737.63	1737.68	302	0	6
2022.11.22	01:15:00	1737.65	1738.71	1737.44	1737.92	559	0	6
2022.11.22	01:30:00	1737.93	1738.93	1737.91	1738.80	410	0	6
2022.11.22	01:45:00	1738.79	1738.92	1738.25	1738.59	233	0	6
2022.11.22	02:00:00	1738.59	1740.39	1738.08	1740.22	794	0	6
2022.11.22	02:15:00	1740.19	1740.89	1739.78	1740.85	779	0	6
2022.11.22	02:30:00	1740.88	1741.52	1740.33	1741.48	652	0	6
2022.11.22	02:45:00	1741.62	1741.70	1740.57	1740.82	602	0	6
2022.11.22	03:00:00	1740.78	1744.17	1740.46	1743.75	1203	0	6
2022.11.22	03:15:00	1743.60	1744.38	1742.95	1743.90	1100	0	10
2022.11.22	03:30:00	1743.88	1745.05	1743.42	1743.42	1581	0	10
2022.11.22	03:45:00	1743.43	1744.08	1742.60	1743.62	1065	0	10
2022.11.22	04:00:00	1743.62	1743.72	1742.45	1743.21	818	0	10
2022.11.22	04:15:00	1743.21	1743.66	1742.59	1742.62	627	0	10
2022.11.22	04:30:00	1742.62	1743.21	1741.81	1742.69	1015	0	10
2022.11.22	04:45:00	1742.69	1743.69	1742.44	1743.40	786	0	10
2022.11.22	05:00:00	1743.39	1743.70	1742.16	1743.28	1180	0	10
2022.11.22	05:15:00	1743.28	1744.15	1742.57	1743.96	827	0	10
2022.11.22	05:30:00	1743.97	1744.35	1743.39	1744.18	596	0	10
2022.11.22	05:45:00	1744.19	1745.04	1743.75	1744.22	535	0	10
2022.11.22	06:00:00	1744.18	1744.67	1743.74	1744.26	497	0	10
2022.11.22	06:15:00	1744.22	1744.70	1744.13	1744.65	408	0	10
2022.11.22	06:30:00	1744.66	1745.68	1744.65	1745.08	833	0	10
2022.11.22	06:45:00	1744.95	1745.41	1744.26	1745.12	574	0	10
2022.11.22	07:00:00	1745.23	1745.33	1744.11	1744.26	764	0	10
2022.11.22	07:15:00	1744.26	1744.95	1743.52	1743.68	603	0	10
2022.11.22	07:30:00	1743.66	1743.71	1741.71	1741.90	1007	0	10
2022.11.22	07:45:00	1741.90	1742.91	1740.96	1741.59	964	0	10
2022.11.22	08:00:00	1741.57	1742.79	1741.47	1742.48	936	0	10
2022.11.22	08:15:00	1742.49	1742.95	1741.18	1741.48	898	0	10
2022.11.22	08:30:00	1741.56	1741.66	1740.67	1741.50	1137	0	10
2022.11.22	08:45:00	1741.49	1741.87	1740.58	1740.78	929	0	10
2022.11.22	09:00:00	1740.81	1741.88	1740.33	1741.22	1395	0	10
2022.11.22	09:15:00	1741.23	1742.42	1740.53	1741.79	1631	0	10
2022.11.22	09:30:00	1741.79	1742.55	1741.35	1742.30	1452	0	10
2022.11.22	09:45:00	1742.31	1744.91	1742.23	1743.12	1557	0	10
2022.11.22	10:00:00	1743.08	1744.42	1741.96	1743.31	2636	0	10
2022.11.22	10:15:00	1743.31	1746.36	1743.31	1745.79	2801	0	10
2022.11.22	10:30:00	1745.82	1746.11	1743.35	1743.63	2234	0	10
2022.11.22	10:45:00	1743.59	1745.90	1743.19	1744.59	2299	0	10
2022.11.22	11:00:00	1744.59	1745.76	1744.16	1744.97	1879	0	10
2022.11.22	11:15:00	1744.98	1745.71	1743.88	1745.29	1894	0	10
2022.11.22	11:30:00	1745.28	1748.13	1745.28	1747.48	2554	0	10
2022.11.22	11:45:00	1747.51	1748.43	1746.58	1746.93	1804	0	10
2022.11.22	12:00:00	1746.93	1747.57	1746.55	1746.91	1848	0	10
2022.11.22	12:15:00	1746.92	1747.59	1746.46	1747.09	1522	0	10
2022.11.22	12:30:00	1747.11	1748.10	1746.96	1747.39	1204	0	10
2022.11.22	12:45:00	1747.39	1747.51	1746.00	1746.12	1124	0	10
2022.11.22	13:00:00	1746.12	1747.47	1745.90	1746.04	1567	0	10
2022.11.22	13:15:00	1746.00	1748.33	1745.76	1748.24	1970	0	10
2022.11.22	13:30:00	1748.20	1749.71	1747.20	1747.22	1915	0	10
2022.11.22	13:45:00	1747.18	1748.66	1747.08	1748.53	1793	0	10
2022.11.22	14:00:00	1748.57	1748.57	1747.17	1748.26	1627	0	10
2022.11.22	14:15:00	1748.26	1748.41	1747.30	1747.30	1722	0	10
2022.11.22	14:30:00	1747.30	1748.36	1746.22	1746.35	1618	0	10
2022.11.22	14:45:00	1746.29	1746.91	1745.90	1746.43	1645	0	10
2022.11.22	15:00:00	1746.40	1748.12	1745.60	1745.65	2683	0	10
2022.11.22	15:15:00	1745.65	1746.50	1744.09	1744.74	2680	0	10
2022.11.22	15:30:00	1744.74	1745.22	1744.12	1744.31	2419	0	10
2022.11.22	15:45:00	1744.31	1746.09	1743.01	1743.65	2315	0	10
2022.11.22	16:00:00	1743.69	1743.80	1742.05	1742.46	2352	0	10
2022.11.22	16:15:00	1742.47	1744.20	1741.70	1743.78	2420	0	10
2022.11.22	16:30:00	1743.78	1746.21	1742.22	1744.85	4197	0	10
2022.11.22	16:45:00	1744.90	1746.69	1742.69	1742.86	3492	0	10
2022.11.22	17:00:00	1742.85	1744.24	1742.30	1744.20	3106	0	10
2022.11.22	17:15:00	1744.23	1744.64	1743.51	1743.97	2626	0	10
2022.11.22	17:30:00	1744.01	1744.55	1741.68	1742.63	2978	0	10
2022.11.22	17:45:00	1742.64	1742.80	1741.68	1741.87	2757	0	10
2022.11.22	18:00:00	1741.87	1741.91	1739.81	1739.89	2303	0	10
2022.11.22	18:15:00	1739.91	1741.55	1739.71	1740.99	1816	0	10
2022.11.22	18:30:00	1740.99	1741.08	1739.97	1740.77	1636	0	10
2022.11.22	18:45:00	1740.76	1742.18	1740.73	1741.84	1119	0	10
2022.11.22	19:00:00	1741.85	1741.96	1741.35	1741.51	1017	0	10
2022.11.22	19:15:00	1741.51	1741.52	1740.06	1740.06	1072	0	10
2022.11.22	19:30:00	1740.07	1740.15	1738.60	1739.21	1377	0	10
2022.11.22	19:45:00	1739.22	1739.61	1738.66	1739.59	1209	0	10
2022.11.22	20:00:00	1739.59	1740.09	1737.66	1739.96	1453	0	10
2022.11.22	20:15:00	1739.95	1740.45	1738.93	1739.47	992	0	10
2022.11.22	20:30:00	1739.55	1739.81	1737.78	1738.52	1060	0	10
2022.11.22	20:45:00	1738.52	1739.28	1737.91	1738.73	957	0	10
2022.11.22	21:00:00	1738.73	1738.94	1737.28	1738.48	1064	0	10
2022.11.22	21:15:00	1738.48	1738.70	1738.07	1738.23	858	0	10
2022.11.22	21:30:00	1738.27	1738.31	1737.20	1737.25	855	0	10
2022.11.22	21:45:00	1737.25	1738.59	1737.05	1738.23	878	0	10
2022.11.22	22:00:00	1738.21	1738.52	1737.31	1737.75	966	0	10
2022.11.22	22:15:00	1737.76	1738.91	1737.54	1738.81	684	0	10
2022.11.22	22:30:00	1738.82	1740.13	1738.75	1739.43	1142	0	10
2022.11.22	22:45:00	1739.43	1740.69	1738.82	1740.38	1335	0	10
2022.11.22	23:00:00	1740.28	1740.51	1739.56	1740.36	904	0	10
2022.11.22	23:15:00	1740.28	1740.56	1739.83	1740.39	345	0	10
2022.11.22	23:30:00	1740.40	1740.57	1740.10	1740.15	236	0	10
2022.11.22	23:45:00	1740.18	1740.30	1739.80	1740.02	168	0	10
2022.11.23	01:00:00	1740.08	1740.14	1739.72	1740.11	270	0	6
2022.11.23	01:15:00	1740.10	1741.29	1740.10	1741.26	409	0	6
2022.11.23	01:30:00	1741.29	1741.29	1740.52	1740.59	311	0	6
2022.11.23	01:45:00	1740.60	1741.25	1740.55	1741.17	357	0	6
2022.11.23	02:00:00	1741.19	1742.82	1741.19	1742.56	587	0	6
2022.11.23	02:15:00	1742.56	1742.90	1742.04	1742.11	407	0	6
2022.11.23	02:30:00	1742.11	1742.55	1741.76	1742.05	662	0	6
2022.11.23	02:45:00	1742.05	1742.17	1740.98	1741.28	538	0	6
2022.11.23	03:00:00	1741.32	1742.25	1740.50	1740.57	1431	0	6
2022.11.23	03:15:00	1740.57	1740.86	1739.47	1739.85	1396	0	10
2022.11.23	03:30:00	1739.85	1740.33	1739.02	1739.14	933	0	10
2022.11.23	03:45:00	1739.14	1740.90	1738.98	1740.29	1300	0	10
2022.11.23	04:00:00	1740.24	1740.36	1739.26	1740.21	1152	0	10
2022.11.23	04:15:00	1740.21	1740.98	1739.65	1739.81	589	0	10
2022.11.23	04:30:00	1739.81	1740.10	1738.97	1739.51	702	0	10
2022.11.23	04:45:00	1739.51	1741.76	1739.45	1741.67	873	0	10
2022.11.23	05:00:00	1741.66	1741.67	1739.65	1739.83	840	0	10
2022.11.23	05:15:00	1739.72	1740.08	1738.79	1738.97	831	0	10
2022.11.23	05:30:00	1738.97	1739.48	1738.87	1738.88	465	0	10
2022.11.23	05:45:00	1738.88	1739.16	1736.84	1737.22	606	0	10
2022.11.23	06:00:00	1737.18	1737.19	1732.72	1734.98	992	0	10
2022.11.23	06:15:00	1734.98	1735.13	1734.01	1734.13	489	0	10
2022.11.23	06:30:00	1734.12	1734.85	1734.00	1734.45	428	0	10
2022.11.23	06:45:00	1734.45	1734.96	1734.12	1734.95	444	0	10
2022.11.23	07:00:00	1734.95	1735.02	1734.09	1734.41	577	0	10
2022.11.23	07:15:00	1734.40	1736.11	1733.47	1736.11	813	0	10
2022.11.23	07:30:00	1736.11	1736.33	1734.96	1735.94	832	0	10
2022.11.23	07:45:00	1735.94	1736.75	1735.47	1736.52	921	0	10
2022.11.23	08:00:00	1736.46	1737.28	1736.27	1736.92	896	0	10
2022.11.23	08:15:00	1736.91	1737.41	1736.57	1736.75	773	0	10
2022.11.23	08:30:00	1736.76	1738.05	1736.76	1737.99	715	0	10
2022.11.23	08:45:00	1738.00	1740.14	1737.84	1738.93	1021	0	10
2022.11.23	09:00:00	1738.96	1740.17	1738.12	1740.05	1042	0	10
2022.11.23	09:15:00	1740.05	1742.13	1739.95	1741.17	1392	0	10
2022.11.23	09:30:00	1741.18	1744.03	1740.55	1743.71	1455	0	10
2022.11.23	09:45:00	1743.77	1745.74	1743.73	1744.22	1663	0	10
2022.11.23	10:00:00	1744.19	1744.70	1742.63	1742.96	2218	0	10
2022.11.23	10:15:00	1742.96	1743.01	1741.52	1742.16	1800	0	10
2022.11.23	10:30:00	1742.16	1742.80	1740.09	1740.41	1910	0	10
2022.11.23	10:45:00	1740.36	1740.84	1739.36	1739.38	1485	0	10
2022.11.23	11:00:00	1739.38	1739.60	1736.00	1736.05	1983	0	10
2022.11.23	11:15:00	1736.08	1738.11	1735.55	1737.76	1650	0	10
2022.11.23	11:30:00	1737.73	1739.23	1737.02	1738.83	1482	0	10
2022.11.23	11:45:00	1738.83	1740.16	1738.06	1739.53	1576	0	10
2022.11.23	12:00:00	1739.56	1739.76	1735.82	1736.01	1583	0	10
2022.11.23	12:15:00	1736.02	1736.43	1734.46	1735.68	1331	0	10
2022.11.23	12:30:00	1735.70	1737.25	1735.16	1736.85	1416	0	10
2022.11.23	12:45:00	1736.85	1737.26	1736.34	1737.15	1090	0	10
2022.11.23	13:00:00	1737.15	1738.12	1736.57	1737.22	1346	0	10
2022.11.23	13:15:00	1737.22	1738.53	1736.60	1738.42	1234	0	10
2022.11.23	13:30:00	1738.42	1738.45	1737.27	1738.06	1254	0	10
2022.11.23	13:45:00	1738.04	1739.78	1737.99	1739.45	1437	0	10
2022.11.23	14:00:00	1739.45	1739.59	1738.43	1738.83	1499	0	10
2022.11.23	14:15:00	1738.82	1739.05	1737.32	1737.72	1342	0	10
2022.11.23	14:30:00	1737.72	1738.53	1737.23	1737.34	1787	0	10
2022.11.23	14:45:00	1737.35	1737.52	1736.32	1736.73	1598	0	10
2022.11.23	15:00:00	1736.72	1737.43	1735.28	1737.36	2484	0	10
2022.11.23	15:15:00	1737.35	1737.36	1734.02	1734.36	2560	0	10
2022.11.23	15:30:00	1734.47	1740.11	1728.48	1734.20	4771	0	10
2022.11.23	15:45:00	1734.08	1737.89	1732.09	1736.83	3446	0	10
2022.11.23	16:00:00	1736.83	1739.62	1735.62	1738.34	3104	0	10
2022.11.23	16:15:00	1738.33	1738.67	1736.04	1736.60	2701	0	10
2022.11.23	16:30:00	1736.67	1737.34	1735.79	1736.39	3331	0	10
2022.11.23	16:45:00	1736.22	1747.63	1736.22	1742.57	5578	0	10
2022.11.23	17:00:00	1742.65	1744.00	1739.05	1739.81	4765	0	10
2022.11.23	17:15:00	1739.84	1742.37	1738.53	1740.68	3768	0	10
2022.11.23	17:30:00	1740.71	1742.58	1740.50	1742.33	3322	0	10
2022.11.23	17:45:00	1742.42	1743.94	1741.61	1743.41	3013	0	10
2022.11.23	18:00:00	1743.41	1743.83	1741.53	1743.34	2503	0	10
2022.11.23	18:15:00	1743.35	1743.63	1741.98	1743.08	1927	0	10
2022.11.23	18:30:00	1743.14	1743.44	1742.34	1742.87	1889	0	10
2022.11.23	18:45:00	1742.88	1742.90	1741.14	1742.34	1838	0	10
2022.11.23	19:00:00	1742.35	1743.17	1741.32	1742.93	1737	0	10
2022.11.23	19:15:00	1742.92	1743.16	1742.19	1742.72	1469	0	10
2022.11.23	19:30:00	1742.69	1744.16	1742.22	1743.47	1438	0	10
2022.11.23	19:45:00	1743.49	1744.61	1743.06	1743.36	1634	0	10
2022.11.23	20:00:00	1743.35	1744.26	1743.13	1743.45	1524	0	10
2022.11.23	20:15:00	1743.50	1745.08	1743.37	1744.99	1232	0	10
2022.11.23	20:30:00	1745.00	1746.16	1744.95	1746.07	816	0	10
2022.11.23	20:45:00	1746.07	1746.50	1743.51	1743.56	725	0	10
2022.11.23	21:00:00	1743.48	1753.26	1742.48	1749.46	4288	0	10
2022.11.23	21:15:00	1749.47	1752.77	1749.47	1751.25	2720	0	10
2022.11.23	21:30:00	1751.20	1751.36	1748.54	1750.60	2229	0	10
2022.11.23	21:45:00	1750.59	1752.35	1750.28	1751.91	1725	0	10
2022.11.23	22:00:00	1751.92	1752.26	1750.70	1752.26	1607	0	10
2022.11.23	22:15:00	1752.26	1752.67	1750.46	1751.31	1316	0	10
2022.11.23	22:30:00	1751.29	1751.69	1750.76	1751.02	1125	0	10
2022.11.23	22:45:00	1751.02	1751.32	1750.46	1751.21	1299	0	10
2022.11.23	23:00:00	1751.18	1751.24	1749.74	1750.33	692	0	10
2022.11.23	23:15:00	1750.32	1750.43	1749.65	1749.67	417	0	10
2022.11.23	23:30:00	1749.67	1750.26	1749.33	1749.44	439	0	10
2022.11.23	23:45:00	1749.44	1749.68	1749.13	1749.30	191	0	10
2022.11.24	01:00:00	1749.67	1750.56	1749.30	1750.20	264	0	18
2022.11.24	01:15:00	1750.29	1751.62	1750.21	1750.97	555	0	6
2022.11.24	01:30:00	1751.06	1751.26	1750.76	1751.22	376	0	6
2022.11.24	01:45:00	1751.24	1752.35	1751.20	1752.35	686	0	6
2022.11.24	02:00:00	1752.35	1753.34	1752.34	1752.43	768	0	6
2022.11.24	02:15:00	1752.42	1754.54	1752.30	1753.99	797	0	6
2022.11.24	02:30:00	1753.99	1755.07	1753.58	1753.85	926	0	6
2022.11.24	02:45:00	1753.87	1754.54	1752.95	1753.49	1029	0	6
2022.11.24	03:00:00	1753.49	1755.14	1752.67	1754.96	2326	0	6
2022.11.24	03:15:00	1754.95	1755.26	1753.51	1753.59	1834	0	10
2022.11.24	03:30:00	1753.59	1755.33	1752.30	1755.13	1398	0	10
2022.11.24	03:45:00	1755.09	1756.07	1755.07	1755.50	1405	0	10
2022.11.24	04:00:00	1755.52	1755.69	1754.42	1754.67	989	0	10
2022.11.24	04:15:00	1754.59	1755.30	1754.02	1754.30	676	0	10
2022.11.24	04:30:00	1754.30	1755.10	1754.04	1754.59	794	0	10
2022.11.24	04:45:00	1754.55	1755.89	1754.36	1755.06	877	0	10
2022.11.24	05:00:00	1755.11	1756.35	1754.90	1755.21	1031	0	10
2022.11.24	05:15:00	1755.31	1756.25	1755.04	1755.70	819	0	10
2022.11.24	05:30:00	1755.67	1755.67	1754.73	1755.35	467	0	10
2022.11.24	05:45:00	1755.35	1756.60	1755.31	1756.28	598	0	10
2022.11.24	06:00:00	1756.28	1756.77	1755.72	1756.05	595	0	10
2022.11.24	06:15:00	1756.05	1756.09	1755.24	1755.68	404	0	10
2022.11.24	06:30:00	1755.68	1755.88	1755.26	1755.43	493	0	10
2022.11.24	06:45:00	1755.43	1756.02	1755.34	1755.78	544	0	10
2022.11.24	07:00:00	1755.67	1755.89	1754.23	1754.46	632	0	10
2022.11.24	07:15:00	1754.46	1754.99	1754.22	1754.56	575	0	10
2022.11.24	07:30:00	1754.56	1755.22	1753.45	1753.59	1010	0	10
2022.11.24	07:45:00	1753.55	1753.98	1753.08	1753.11	993	0	10
2022.11.24	08:00:00	1753.17	1753.93	1752.61	1753.66	1189	0	10
2022.11.24	08:15:00	1753.66	1754.19	1752.85	1753.14	924	0	10
2022.11.24	08:30:00	1753.05	1754.33	1752.91	1754.08	816	0	10
2022.11.24	08:45:00	1753.97	1755.68	1753.66	1755.27	697	0	10
2022.11.24	09:00:00	1755.36	1757.52	1755.02	1756.78	1207	0	10
2022.11.24	09:15:00	1756.75	1757.11	1756.02	1756.87	988	0	10
2022.11.24	09:30:00	1756.88	1757.63	1755.26	1755.66	1341	0	10
2022.11.24	09:45:00	1755.62	1756.42	1753.66	1753.88	1524	0	10
2022.11.24	10:00:00	1753.86	1754.55	1752.45	1754.18	2341	0	10
2022.11.24	10:15:00	1754.20	1754.87	1753.33	1754.54	1889	0	10
2022.11.24	10:30:00	1754.53	1756.99	1754.46	1756.09	1737	0	10
2022.11.24	10:45:00	1756.08	1756.41	1755.25	1755.68	1541	0	10
2022.11.24	11:00:00	1755.71	1758.09	1755.62	1757.83	1900	0	10
2022.11.24	11:15:00	1757.83	1758.19	1756.88	1757.28	1518	0	10
2022.11.24	11:30:00	1757.28	1757.28	1755.65	1756.26	1330	0	10
2022.11.24	11:45:00	1756.26	1756.72	1755.97	1756.28	1338	0	10
2022.11.24	12:00:00	1756.29	1758.58	1756.16	1758.22	1656	0	10
2022.11.24	12:15:00	1758.22	1758.56	1756.35	1756.40	1718	0	10
2022.11.24	12:30:00	1756.45	1756.49	1754.56	1755.84	1840	0	10
2022.11.24	12:45:00	1755.86	1756.72	1754.60	1756.15	1486	0	10
2022.11.24	13:00:00	1756.23	1756.85	1755.85	1755.94	1478	0	10
2022.11.24	13:15:00	1755.94	1757.30	1755.82	1756.07	1656	0	10
2022.11.24	13:30:00	1756.07	1758.14	1755.83	1757.89	1470	0	10
2022.11.24	13:45:00	1757.88	1758.55	1757.83	1758.31	1128	0	10
2022.11.24	14:00:00	1758.34	1758.58	1757.49	1757.90	1103	0	10
2022.11.24	14:15:00	1757.97	1758.43	1757.61	1758.05	1053	0	10
2022.11.24	14:30:00	1758.06	1758.38	1757.57	1757.99	1104	0	10
2022.11.24	14:45:00	1758.00	1758.29	1756.92	1757.39	1380	0	10
2022.11.24	15:00:00	1757.39	1757.68	1756.49	1756.88	2019	0	10
2022.11.24	15:15:00	1756.88	1757.05	1755.15	1755.92	1626	0	10
2022.11.24	15:30:00	1755.92	1756.70	1755.51	1756.52	1496	0	10
2022.11.24	15:45:00	1756.52	1757.37	1756.35	1756.88	1536	0	10
2022.11.24	16:00:00	1756.90	1757.35	1755.81	1756.01	1368	0	10
2022.11.24	16:15:00	1756.02	1756.63	1755.79	1756.38	1410	0	10
2022.11.24	16:30:00	1756.42	1756.64	1755.59	1756.37	1370	0	10
2022.11.24	16:45:00	1756.37	1756.81	1755.43	1756.13	1354	0	10
2022.11.24	17:00:00	1756.13	1756.35	1755.16	1756.06	1574	0	10
2022.11.24	17:15:00	1756.02	1756.83	1755.76	1756.67	1118	0	10
2022.11.24	17:30:00	1756.70	1758.51	1756.55	1758.09	1337	0	10
2022.11.24	17:45:00	1758.08	1758.18	1756.40	1756.81	1288	0	10
2022.11.24	18:00:00	1756.81	1757.29	1756.38	1756.55	1154	0	10
2022.11.24	18:15:00	1756.55	1757.08	1756.39	1756.76	876	0	10
2022.11.24	18:30:00	1756.76	1757.30	1756.43	1756.51	563	0	10
2022.11.24	18:45:00	1756.56	1756.98	1756.08	1756.84	272	0	10
2022.11.24	19:00:00	1756.84	1757.35	1756.55	1756.65	366	0	10
2022.11.24	19:15:00	1756.60	1756.66	1755.58	1755.62	337	0	10
2022.11.24	19:30:00	1755.65	1755.66	1755.02	1755.17	303	0	10
2022.11.24	19:45:00	1755.17	1755.51	1754.83	1755.38	370	0	10
2022.11.24	20:00:00	1755.38	1755.60	1754.88	1754.90	209	0	5
2022.11.25	01:00:00	1754.79	1755.37	1754.68	1755.24	270	0	18
2022.11.25	01:15:00	1755.22	1755.96	1755.21	1755.48	377	0	18
2022.11.25	01:30:00	1755.49	1756.04	1755.46	1755.71	358	0	18
2022.11.25	01:45:00	1755.72	1755.98	1755.36	1755.44	309	0	6
2022.11.25	02:00:00	1755.34	1755.75	1753.84	1753.90	925	0	6
2022.11.25	02:15:00	1753.89	1754.18	1753.01	1753.14	900	0	6
2022.11.25	02:30:00	1753.02	1753.55	1752.48	1753.23	1229	0	6
2022.11.25	02:45:00	1753.20	1753.74	1752.36	1753.54	1140	0	6
2022.11.25	03:00:00	1753.54	1754.55	1752.87	1754.53	1137	0	6
2022.11.25	03:15:00	1754.51	1756.38	1754.40	1756.13	1339	0	10
2022.11.25	03:30:00	1756.11	1757.52	1754.63	1756.42	1441	0	10
2022.11.25	03:45:00	1756.30	1757.27	1756.16	1756.50	1296	0	10
2022.11.25	04:00:00	1756.49	1757.97	1756.41	1757.75	923	0	10
2022.11.25	04:15:00	1757.86	1758.95	1757.28	1757.89	791	0	10
2022.11.25	04:30:00	1757.94	1758.89	1757.77	1758.59	860	0	10
2022.11.25	04:45:00	1758.60	1759.37	1758.21	1758.59	788	0	10
2022.11.25	05:00:00	1758.59	1758.81	1757.61	1757.86	630	0	10
2022.11.25	05:15:00	1757.92	1758.34	1757.37	1757.51	726	0	10
2022.11.25	05:30:00	1757.57	1758.98	1757.51	1758.55	441	0	10
2022.11.25	05:45:00	1758.55	1759.67	1758.51	1759.59	550	0	10
2022.11.25	06:00:00	1759.60	1761.21	1759.37	1759.97	897	0	10
2022.11.25	06:15:00	1759.97	1760.17	1759.55	1759.67	593	0	10
2022.11.25	06:30:00	1759.58	1759.67	1758.67	1759.12	535	0	10
2022.11.25	06:45:00	1759.13	1759.72	1758.15	1758.57	592	0	10
2022.11.25	07:00:00	1758.58	1759.04	1757.76	1758.22	721	0	10
2022.11.25	07:15:00	1758.22	1758.28	1757.45	1758.00	652	0	10
2022.11.25	07:30:00	1757.99	1758.68	1757.44	1757.55	947	0	10
2022.11.25	07:45:00	1757.55	1757.85	1755.70	1756.65	886	0	10
2022.11.25	08:00:00	1756.58	1756.75	1754.64	1755.06	788	0	10
2022.11.25	08:15:00	1755.06	1755.73	1754.37	1754.79	763	0	10
2022.11.25	08:30:00	1754.81	1756.85	1754.58	1756.47	1018	0	10
2022.11.25	08:45:00	1756.53	1757.09	1756.04	1756.95	648	0	10
2022.11.25	09:00:00	1756.82	1756.91	1755.41	1755.83	910	0	10
2022.11.25	09:15:00	1755.80	1755.81	1753.59	1754.57	1242	0	10
2022.11.25	09:30:00	1754.57	1755.36	1753.14	1753.47	1016	0	10
2022.11.25	09:45:00	1753.38	1753.76	1751.55	1751.58	1509	0	10
2022.11.25	10:00:00	1751.58	1752.23	1750.07	1752.15	2383	0	10
2022.11.25	10:15:00	1752.16	1753.73	1751.87	1752.43	1873	0	10
2022.11.25	10:30:00	1752.40	1753.08	1751.79	1752.04	1418	0	10
2022.11.25	10:45:00	1752.01	1752.50	1750.85	1752.41	1439	0	10
2022.11.25	11:00:00	1752.42	1753.36	1752.23	1752.46	1521	0	10
2022.11.25	11:15:00	1752.45	1752.91	1751.67	1752.15	1499	0	10
2022.11.25	11:30:00	1752.14	1753.61	1750.01	1750.48	2099	0	10
2022.11.25	11:45:00	1750.48	1751.00	1749.25	1750.92	2259	0	10
2022.11.25	12:00:00	1750.94	1752.18	1750.11	1751.69	1494	0	10
2022.11.25	12:15:00	1751.72	1753.66	1751.54	1753.56	1364	0	10
2022.11.25	12:30:00	1753.57	1754.42	1753.01	1753.26	1609	0	10
2022.11.25	12:45:00	1753.30	1753.77	1751.77	1752.53	1126	0	10
2022.11.25	13:00:00	1752.53	1753.62	1752.16	1753.62	1219	0	10
2022.11.25	13:15:00	1753.64	1753.96	1752.66	1753.60	1290	0	10
2022.11.25	13:30:00	1753.59	1753.79	1752.53	1752.55	1174	0	10
2022.11.25	13:45:00	1752.54	1752.66	1751.02	1751.10	1497	0	10
2022.11.25	14:00:00	1751.09	1751.80	1750.15	1751.21	1656	0	10
2022.11.25	14:15:00	1751.21	1752.00	1750.56	1751.59	1275	0	10
2022.11.25	14:30:00	1751.60	1751.99	1750.43	1750.95	1593	0	10
2022.11.25	14:45:00	1751.08	1751.32	1749.90	1750.94	1458	0	10
2022.11.25	15:00:00	1750.94	1751.44	1748.99	1749.51	2339	0	10
2022.11.25	15:15:00	1749.51	1750.11	1746.70	1747.70	2786	0	10
2022.11.25	15:30:00	1747.68	1748.22	1746.58	1747.07	1979	0	10
2022.11.25	15:45:00	1747.04	1748.85	1746.02	1748.38	2096	0	10
2022.11.25	16:00:00	1748.35	1748.70	1747.20	1748.25	1921	0	10
2022.11.25	16:15:00	1748.25	1750.00	1747.04	1749.53	1929	0	10
2022.11.25	16:30:00	1749.55	1750.81	1748.42	1750.44	3072	0	10
2022.11.25	16:45:00	1750.44	1752.61	1749.98	1751.74	2455	0	10
2022.11.25	17:00:00	1751.72	1752.48	1749.57	1749.82	2188	0	10
2022.11.25	17:15:00	1749.83	1750.63	1749.25	1750.36	2405	0	10
2022.11.25	17:30:00	1750.35	1751.23	1749.38	1750.33	2301	0	10
2022.11.25	17:45:00	1750.35	1751.08	1749.66	1750.32	1870	0	10
2022.11.25	18:00:00	1750.34	1751.67	1749.73	1749.96	2381	0	10
2022.11.25	18:15:00	1749.96	1751.43	1749.47	1750.05	1864	0	10
2022.11.25	18:30:00	1750.05	1750.75	1749.80	1750.66	1110	0	10
2022.11.25	18:45:00	1750.66	1751.81	1750.65	1751.41	1200	0	10
2022.11.25	19:00:00	1751.38	1755.59	1751.00	1753.98	1467	0	10
2022.11.25	19:15:00	1754.02	1754.58	1752.81	1754.39	1122	0	10
2022.11.25	19:30:00	1754.46	1754.61	1753.48	1753.78	1075	0	10
2022.11.25	19:45:00	1753.78	1753.80	1752.66	1753.24	1286	0	10
2022.11.25	20:00:00	1753.23	1753.74	1752.85	1753.74	992	0	10
2022.11.25	20:15:00	1753.73	1756.29	1753.36	1756.03	610	0	10
2022.11.28	01:00:00	1753.11	1754.08	1752.20	1752.38	221	0	18
2022.11.28	01:15:00	1752.37	1752.82	1750.56	1750.97	510	0	18
2022.11.28	01:30:00	1751.03	1751.24	1750.14	1751.12	619	0	18
2022.11.28	01:45:00	1751.11	1751.66	1750.29	1750.88	682	0	6
2022.11.28	02:00:00	1750.87	1752.28	1750.84	1752.24	765	0	6
2022.11.28	02:15:00	1752.24	1753.82	1752.17	1753.81	778	0	6
2022.11.28	02:30:00	1753.81	1753.93	1752.85	1753.28	813	0	6
2022.11.28	02:45:00	1753.28	1753.49	1751.58	1751.88	959	0	6
2022.11.28	03:00:00	1751.93	1751.95	1749.22	1749.22	1145	0	6
2022.11.28	03:15:00	1749.22	1749.71	1748.64	1748.80	967	0	10
2022.11.28	03:30:00	1748.80	1749.73	1746.55	1746.74	1457	0	10
2022.11.28	03:45:00	1746.73	1748.06	1745.79	1746.85	1494	0	10
2022.11.28	04:00:00	1746.86	1748.58	1746.22	1748.20	1087	0	10
2022.11.28	04:15:00	1748.20	1749.27	1747.97	1748.84	1044	0	10
2022.11.28	04:30:00	1748.84	1750.57	1748.75	1750.28	1114	0	10
2022.11.28	04:45:00	1750.29	1750.84	1749.43	1750.28	1005	0	10
2022.11.28	05:00:00	1750.28	1750.53	1748.58	1749.26	706	0	10
2022.11.28	05:15:00	1749.26	1749.77	1748.47	1749.16	1008	0	10
2022.11.28	05:30:00	1749.12	1749.94	1748.94	1749.73	506	0	10
2022.11.28	05:45:00	1749.67	1749.79	1749.25	1749.50	408	0	10
2022.11.28	06:00:00	1749.53	1750.61	1749.36	1749.91	476	0	10
2022.11.28	06:15:00	1749.91	1751.32	1749.91	1751.20	405	0	10
2022.11.28	06:30:00	1751.20	1751.43	1750.65	1750.86	447	0	10
2022.11.28	06:45:00	1750.86	1751.71	1750.48	1751.54	370	0	10
2022.11.28	07:00:00	1751.54	1752.26	1750.44	1751.65	561	0	10
2022.11.28	07:15:00	1751.71	1752.02	1749.92	1750.10	598	0	10
2022.11.28	07:30:00	1750.10	1750.42	1749.21	1749.94	582	0	10
2022.11.28	07:45:00	1749.95	1750.06	1748.34	1749.46	806	0	10
2022.11.28	08:00:00	1749.55	1750.44	1748.99	1749.82	812	0	10
2022.11.28	08:15:00	1749.85	1751.61	1749.63	1751.30	763	0	10
2022.11.28	08:30:00	1751.44	1753.16	1751.31	1751.81	913	0	10
2022.11.28	08:45:00	1751.80	1752.21	1750.90	1751.63	756	0	10
2022.11.28	09:00:00	1751.61	1754.16	1751.27	1753.52	1110	0	10
2022.11.28	09:15:00	1753.52	1753.77	1751.03	1751.35	1487	0	10
2022.11.28	09:30:00	1751.35	1751.35	1749.75	1750.81	1358	0	10
2022.11.28	09:45:00	1750.82	1752.41	1750.28	1750.79	1382	0	10
2022.11.28	10:00:00	1750.79	1754.10	1749.89	1753.65	2509	0	10
2022.11.28	10:15:00	1753.65	1757.19	1753.58	1757.02	1940	0	10
2022.11.28	10:30:00	1757.02	1758.90	1756.71	1758.49	2485	0	10
2022.11.28	10:45:00	1758.48	1759.99	1757.57	1759.32	2139	0	10
2022.11.28	11:00:00	1759.33	1762.71	1759.04	1760.86	2478	0	10
2022.11.28	11:15:00	1760.86	1761.95	1760.27	1761.15	1647	0	10
2022.11.28	11:30:00	1761.14	1762.87	1760.68	1762.33	1607	0	10
2022.11.28	11:45:00	1762.33	1762.41	1760.30	1760.98	1561	0	10
2022.11.28	12:00:00	1760.98	1762.18	1760.38	1761.46	1406	0	10
2022.11.28	12:15:00	1761.47	1762.97	1761.19	1762.65	1475	0	10
2022.11.28	12:30:00	1762.67	1763.73	1762.19	1763.55	1351	0	10
2022.11.28	12:45:00	1763.55	1763.56	1760.46	1760.72	1276	0	10
2022.11.28	13:00:00	1760.73	1761.87	1759.54	1761.42	1453	0	10
2022.11.28	13:15:00	1761.42	1762.12	1760.54	1761.40	1229	0	10
2022.11.28	13:30:00	1761.49	1762.12	1759.17	1759.35	1675	0	10
2022.11.28	13:45:00	1759.30	1759.53	1757.72	1758.70	1692	0	10
2022.11.28	14:00:00	1758.72	1759.04	1757.25	1758.33	1358	0	10
2022.11.28	14:15:00	1758.33	1759.15	1757.63	1757.87	1300	0	10
2022.11.28	14:30:00	1757.88	1758.20	1756.75	1757.31	1403	0	10
2022.11.28	14:45:00	1757.31	1757.31	1754.03	1755.47	1590	0	10
2022.11.28	15:00:00	1755.47	1755.49	1753.04	1753.05	2035	0	10
2022.11.28	15:15:00	1753.07	1753.87	1750.29	1753.60	2445	0	10
2022.11.28	15:30:00	1753.62	1755.79	1752.92	1754.85	2665	0	10
2022.11.28	15:45:00	1754.85	1756.74	1752.94	1753.50	2233	0	10
2022.11.28	16:00:00	1753.50	1753.50	1749.87	1751.08	2737	0	10
2022.11.28	16:15:00	1751.08	1751.51	1748.38	1750.16	2330	0	10
2022.11.28	16:30:00	1750.19	1751.78	1745.11	1748.32	4181	0	10
2022.11.28	16:45:00	1748.21	1749.50	1746.35	1748.40	3321	0	10
2022.11.28	17:00:00	1748.41	1749.89	1746.77	1748.77	3044	0	10
2022.11.28	17:15:00	1748.76	1750.18	1747.89	1748.61	2575	0	10
2022.11.28	17:30:00	1748.51	1748.77	1746.40	1746.87	2507	0	10
2022.11.28	17:45:00	1746.84	1746.84	1743.05	1745.49	2966	0	10
2022.11.28	18:00:00	1745.41	1746.81	1741.97	1742.19	2797	0	10
2022.11.28	18:15:00	1742.18	1743.94	1741.89	1743.48	2088	0	10
2022.11.28	18:30:00	1743.48	1744.88	1742.88	1744.11	1629	0	10
2022.11.28	18:45:00	1744.11	1745.56	1744.10	1745.15	1515	0	10
2022.11.28	19:00:00	1745.15	1745.64	1742.21	1743.49	2390	0	10
2022.11.28	19:15:00	1743.47	1745.20	1743.22	1743.88	1748	0	10
2022.11.28	19:30:00	1743.91	1745.17	1743.89	1744.18	1683	0	10
2022.11.28	19:45:00	1744.18	1744.43	1742.10	1742.65	1454	0	10
2022.11.28	20:00:00	1742.65	1742.92	1741.15	1741.80	1306	0	10
2022.11.28	20:15:00	1741.79	1742.43	1740.98	1741.36	1603	0	10
2022.11.28	20:30:00	1741.38	1742.95	1741.26	1742.19	1158	0	10
2022.11.28	20:45:00	1742.18	1742.18	1740.49	1740.50	1145	0	10
2022.11.28	21:00:00	1740.51	1741.05	1739.62	1740.52	1099	0	10
2022.11.28	21:15:00	1740.52	1741.10	1740.01	1740.49	715	0	10
2022.11.28	21:30:00	1740.49	1740.58	1739.72	1740.50	694	0	10
2022.11.28	21:45:00	1740.50	1740.75	1739.66	1740.26	885	0	10
2022.11.28	22:00:00	1740.26	1740.67	1739.60	1740.26	932	0	10
2022.11.28	22:15:00	1740.25	1741.18	1739.60	1741.15	821	0	10
2022.11.28	22:30:00	1741.17	1741.98	1740.73	1741.39	806	0	10
2022.11.28	22:45:00	1741.36	1741.51	1739.84	1740.04	954	0	10
2022.11.28	23:00:00	1740.01	1741.64	1739.99	1740.97	355	0	10
2022.11.28	23:15:00	1740.95	1741.32	1740.56	1741.31	270	0	10
2022.11.28	23:30:00	1741.17	1741.67	1740.78	1741.21	274	0	10
2022.11.28	23:45:00	1741.29	1741.30	1740.56	1741.13	172	0	10
2022.11.29	01:00:00	1740.92	1741.62	1740.62	1741.46	376	0	6
2022.11.29	01:15:00	1741.43	1742.04	1741.37	1741.96	558	0	6
2022.11.29	01:30:00	1741.96	1741.98	1740.76	1741.22	625	0	6
2022.11.29	01:45:00	1741.17	1741.79	1740.95	1741.29	459	0	6
2022.11.29	02:00:00	1741.29	1742.13	1740.81	1742.13	906	0	6
2022.11.29	02:15:00	1742.14	1742.67	1741.66	1741.72	819	0	6
2022.11.29	02:30:00	1741.71	1742.40	1741.59	1741.63	613	0	6
2022.11.29	02:45:00	1741.67	1742.02	1740.54	1740.83	737	0	6
2022.11.29	03:00:00	1740.88	1741.64	1740.18	1741.34	1556	0	6
2022.11.29	03:15:00	1741.36	1743.02	1740.93	1742.81	1144	0	10
2022.11.29	03:30:00	1742.82	1745.54	1742.64	1745.46	1767	0	10
2022.11.29	03:45:00	1745.46	1746.46	1744.89	1746.31	1565	0	10
2022.11.29	04:00:00	1746.31	1747.19	1744.80	1746.96	1096	0	10
2022.11.29	04:15:00	1747.09	1747.48	1746.28	1746.51	976	0	10
2022.11.29	04:30:00	1746.51	1747.10	1745.80	1746.08	1007	0	10
2022.11.29	04:45:00	1746.08	1746.23	1744.58	1744.89	1096	0	10
2022.11.29	05:00:00	1744.70	1746.98	1744.70	1746.92	930	0	10
2022.11.29	05:15:00	1746.92	1750.03	1746.85	1749.54	1905	0	10
2022.11.29	05:30:00	1749.64	1750.22	1748.85	1749.60	1441	0	10
2022.11.29	05:45:00	1749.53	1750.55	1749.38	1750.42	1086	0	10
2022.11.29	06:00:00	1750.40	1751.25	1750.03	1750.88	1287	0	10
2022.11.29	06:15:00	1750.87	1751.87	1750.53	1751.16	924	0	10
2022.11.29	06:30:00	1751.20	1752.84	1751.07	1752.56	814	0	10
2022.11.29	06:45:00	1752.57	1754.15	1752.57	1753.82	1079	0	10
2022.11.29	07:00:00	1753.82	1754.11	1752.97	1753.69	1009	0	10
2022.11.29	07:15:00	1753.57	1754.86	1752.81	1754.25	993	0	10
2022.11.29	07:30:00	1754.28	1754.65	1752.80	1754.23	1682	0	10
2022.11.29	07:45:00	1754.36	1755.04	1753.23	1754.21	1587	0	10
2022.11.29	08:00:00	1754.23	1754.73	1753.79	1754.32	1316	0	10
2022.11.29	08:15:00	1754.34	1754.50	1752.78	1753.36	966	0	10
2022.11.29	08:30:00	1753.37	1754.66	1753.09	1753.82	1514	0	10
2022.11.29	08:45:00	1753.82	1754.44	1751.47	1752.04	1453	0	10
2022.11.29	09:00:00	1752.04	1753.06	1751.55	1752.82	1550	0	10
2022.11.29	09:15:00	1752.83	1754.33	1752.54	1753.07	1403	0	10
2022.11.29	09:30:00	1753.08	1753.24	1751.65	1752.75	1703	0	10
2022.11.29	09:45:00	1752.75	1754.79	1752.54	1753.96	1866	0	10
2022.11.29	10:00:00	1753.95	1755.58	1752.61	1753.33	3207	0	10
2022.11.29	10:15:00	1753.33	1755.48	1753.33	1755.32	2813	0	10
2022.11.29	10:30:00	1755.32	1756.73	1754.80	1756.31	1922	0	10
2022.11.29	10:45:00	1756.31	1759.02	1756.24	1757.32	2304	0	10
2022.11.29	11:00:00	1757.30	1757.86	1754.56	1755.19	2059	0	10
2022.11.29	11:15:00	1755.19	1756.32	1755.17	1755.98	1660	0	10
2022.11.29	11:30:00	1755.99	1756.41	1754.43	1755.03	1927	0	10
2022.11.29	11:45:00	1755.02	1755.25	1752.21	1754.08	1928	0	10
2022.11.29	12:00:00	1754.10	1755.09	1753.92	1754.82	1648	0	10
2022.11.29	12:15:00	1754.80	1755.74	1754.31	1755.13	1604	0	10
2022.11.29	12:30:00	1755.13	1755.98	1754.78	1755.13	1452	0	10
2022.11.29	12:45:00	1755.13	1756.33	1755.01	1755.29	1539	0	10
2022.11.29	13:00:00	1755.29	1756.54	1754.01	1754.48	1656	0	10
2022.11.29	13:15:00	1754.48	1755.18	1753.33	1754.33	1437	0	10
2022.11.29	13:30:00	1754.33	1755.62	1753.98	1755.44	1542	0	10
2022.11.29	13:45:00	1755.42	1757.39	1755.03	1757.33	1669	0	10
2022.11.29	14:00:00	1757.33	1757.51	1754.78	1755.35	1773	0	10
2022.11.29	14:15:00	1755.36	1755.70	1753.85	1753.93	1449	0	10
2022.11.29	14:30:00	1753.94	1754.89	1753.08	1753.26	1324	0	10
2022.11.29	14:45:00	1753.26	1755.24	1753.14	1755.22	1624	0	10
2022.11.29	15:00:00	1755.22	1756.73	1752.09	1752.73	3342	0	10
2022.11.29	15:15:00	1752.73	1754.71	1752.33	1752.47	2891	0	10
2022.11.29	15:30:00	1752.35	1752.94	1751.24	1752.43	3043	0	10
2022.11.29	15:45:00	1752.43	1753.44	1750.03	1751.62	3099	0	10
2022.11.29	16:00:00	1751.60	1753.42	1751.36	1752.04	2616	0	10
2022.11.29	16:15:00	1752.03	1752.08	1748.10	1748.37	3212	0	10
2022.11.29	16:30:00	1748.32	1752.13	1746.94	1749.97	4110	0	10
2022.11.29	16:45:00	1749.95	1753.14	1749.91	1751.96	3901	0	10
2022.11.29	17:00:00	1752.11	1754.25	1750.77	1753.39	3223	0	10
2022.11.29	17:15:00	1753.39	1757.65	1753.39	1756.93	3203	0	10
2022.11.29	17:30:00	1756.93	1758.03	1755.54	1755.55	2677	0	10
2022.11.29	17:45:00	1755.56	1756.89	1754.91	1755.16	3140	0	10
2022.11.29	18:00:00	1755.19	1755.56	1751.33	1752.88	2897	0	10
2022.11.29	18:15:00	1752.83	1752.83	1749.93	1750.18	2883	0	10
2022.11.29	18:30:00	1750.21	1752.51	1749.71	1751.77	2443	0	10
2022.11.29	18:45:00	1751.77	1751.85	1749.64	1751.57	2137	0	10
2022.11.29	19:00:00	1751.61	1752.23	1750.88	1751.48	1176	0	10
2022.11.29	19:15:00	1751.48	1751.77	1749.71	1749.91	1376	0	10
2022.11.29	19:30:00	1749.88	1751.56	1749.74	1751.07	1740	0	10
2022.11.29	19:45:00	1751.06	1751.55	1750.28	1750.99	1257	0	10
2022.11.29	20:00:00	1750.89	1752.04	1750.62	1751.99	1161	0	10
2022.11.29	20:15:00	1751.96	1752.05	1749.59	1750.11	1469	0	10
2022.11.29	20:30:00	1750.07	1750.50	1749.34	1749.88	1153	0	10
2022.11.29	20:45:00	1749.88	1751.79	1748.84	1751.39	1329	0	10
2022.11.29	21:00:00	1751.40	1752.29	1751.19	1752.12	1049	0	10
2022.11.29	21:15:00	1752.13	1752.43	1750.90	1751.05	1305	0	10
2022.11.29	21:30:00	1751.05	1751.16	1749.98	1750.38	1412	0	10
2022.11.29	21:45:00	1750.37	1750.43	1749.47	1750.30	1454	0	10
2022.11.29	22:00:00	1750.35	1750.47	1749.20	1749.50	1432	0	10
2022.11.29	22:15:00	1749.52	1749.75	1748.87	1749.03	1170	0	10
2022.11.29	22:30:00	1749.05	1749.59	1748.62	1748.76	1149	0	10
2022.11.29	22:45:00	1748.77	1748.87	1747.89	1748.68	1277	0	10
2022.11.29	23:00:00	1748.64	1749.37	1748.41	1749.18	636	0	10
2022.11.29	23:15:00	1749.18	1749.61	1749.01	1749.42	438	0	10
2022.11.29	23:30:00	1749.32	1749.72	1749.13	1749.69	288	0	10
2022.11.29	23:45:00	1749.67	1750.03	1749.64	1749.92	268	0	10
2022.11.30	01:00:00	1749.05	1749.42	1748.78	1748.87	311	0	6
2022.11.30	01:15:00	1748.93	1749.40	1748.92	1749.27	330	0	6
2022.11.30	01:30:00	1749.24	1749.24	1748.57	1748.75	343	0	6
2022.11.30	01:45:00	1748.77	1749.07	1748.61	1748.86	469	0	6
2022.11.30	02:00:00	1749.25	1749.74	1747.71	1749.63	754	0	6
2022.11.30	02:15:00	1749.64	1750.36	1749.29	1749.34	805	0	6
2022.11.30	02:30:00	1749.35	1750.87	1749.10	1750.42	1065	0	6
2022.11.30	02:45:00	1750.42	1751.26	1750.08	1751.23	976	0	6
2022.11.30	03:00:00	1751.23	1751.78	1750.55	1751.59	1099	0	6
2022.11.30	03:15:00	1751.59	1751.64	1750.58	1750.76	969	0	10
2022.11.30	03:30:00	1750.77	1754.05	1750.26	1753.90	1816	0	10
2022.11.30	03:45:00	1753.88	1754.16	1752.83	1752.83	1353	0	10
2022.11.30	04:00:00	1752.83	1753.06	1751.45	1752.03	1204	0	10
2022.11.30	04:15:00	1752.05	1753.05	1751.87	1752.32	795	0	10
2022.11.30	04:30:00	1752.26	1752.44	1751.17	1752.08	933	0	10
2022.11.30	04:45:00	1752.05	1753.91	1751.53	1753.33	929	0	10
2022.11.30	05:00:00	1753.30	1754.61	1753.27	1753.52	1060	0	10
2022.11.30	05:15:00	1753.53	1753.88	1752.99	1753.19	750	0	10
2022.11.30	05:30:00	1753.19	1753.78	1753.06	1753.78	440	0	10
2022.11.30	05:45:00	1753.73	1754.77	1753.15	1754.74	573	0	10
2022.11.30	06:00:00	1754.78	1755.68	1754.68	1755.24	821	0	10
2022.11.30	06:15:00	1755.24	1755.50	1754.60	1754.69	537	0	10
2022.11.30	06:30:00	1754.69	1755.73	1754.65	1755.29	476	0	10
2022.11.30	06:45:00	1755.30	1755.31	1754.28	1754.32	466	0	10
2022.11.30	07:00:00	1754.36	1755.25	1753.83	1754.92	682	0	10
2022.11.30	07:15:00	1754.81	1755.53	1754.57	1754.94	874	0	10
2022.11.30	07:30:00	1754.89	1754.98	1753.84	1754.38	1100	0	10
2022.11.30	07:45:00	1754.35	1755.32	1753.79	1753.80	1099	0	10
2022.11.30	08:00:00	1753.81	1754.23	1752.98	1753.77	1055	0	10
2022.11.30	08:15:00	1753.80	1754.80	1753.70	1754.05	1472	0	10
2022.11.30	08:30:00	1754.03	1754.32	1753.04	1753.76	1216	0	10
2022.11.30	08:45:00	1753.72	1753.93	1752.92	1753.50	1140	0	10
2022.11.30	09:00:00	1753.37	1756.12	1752.91	1755.76	1126	0	10
2022.11.30	09:15:00	1755.62	1756.28	1754.99	1755.95	1391	0	10
2022.11.30	09:30:00	1755.93	1756.90	1754.33	1755.06	1624	0	10
2022.11.30	09:45:00	1755.06	1755.97	1754.23	1755.14	1775	0	10
2022.11.30	10:00:00	1755.05	1756.84	1755.05	1755.90	2019	0	10
2022.11.30	10:15:00	1755.90	1756.85	1755.33	1756.63	1924	0	10
2022.11.30	10:30:00	1756.60	1758.07	1754.92	1757.55	1977	0	10
2022.11.30	10:45:00	1757.57	1759.90	1757.44	1759.53	1971	0	10
2022.11.30	11:00:00	1759.53	1761.55	1758.98	1760.81	2516	0	10
2022.11.30	11:15:00	1760.81	1761.46	1760.25	1760.87	1512	0	10
2022.11.30	11:30:00	1760.88	1762.11	1759.85	1760.22	1836	0	10
2022.11.30	11:45:00	1760.22	1762.01	1759.94	1762.00	1651	0	10
2022.11.30	12:00:00	1761.84	1763.16	1761.38	1761.98	2030	0	10
2022.11.30	12:15:00	1761.96	1762.40	1759.72	1760.02	1487	0	10
2022.11.30	12:30:00	1760.01	1760.47	1759.00	1759.11	1429	0	10
2022.11.30	12:45:00	1759.14	1759.65	1758.34	1758.64	1368	0	10
2022.11.30	13:00:00	1758.64	1759.88	1758.37	1759.22	1551	0	10
2022.11.30	13:15:00	1759.21	1761.18	1758.38	1760.82	1456	0	10
2022.11.30	13:30:00	1760.82	1760.97	1759.73	1760.67	1105	0	10
2022.11.30	13:45:00	1760.68	1762.40	1760.63	1762.21	1523	0	10
2022.11.30	14:00:00	1762.23	1763.30	1761.34	1763.24	1936	0	10
2022.11.30	14:15:00	1763.24	1763.33	1761.47	1761.67	1590	0	10
2022.11.30	14:30:00	1761.68	1762.42	1760.31	1760.91	1605	0	10
2022.11.30	14:45:00	1760.91	1762.00	1760.71	1760.80	1384	0	10
2022.11.30	15:00:00	1760.83	1762.07	1760.62	1761.09	2510	0	10
2022.11.30	15:15:00	1761.09	1764.60	1759.35	1763.60	4136	0	10
2022.11.30	15:30:00	1763.55	1764.76	1755.06	1757.43	5179	0	10
2022.11.30	15:45:00	1757.51	1758.14	1753.96	1755.11	4031	0	10
2022.11.30	16:00:00	1755.11	1757.89	1754.53	1757.84	2930	0	10
2022.11.30	16:15:00	1757.85	1760.17	1757.73	1758.58	2938	0	10
2022.11.30	16:30:00	1758.72	1763.30	1757.77	1762.35	4140	0	10
2022.11.30	16:45:00	1762.22	1763.01	1754.77	1756.91	4647	0	10
2022.11.30	17:00:00	1756.89	1757.16	1751.50	1752.01	4645	0	10
2022.11.30	17:15:00	1751.97	1753.08	1750.68	1751.52	3527	0	10
2022.11.30	17:30:00	1751.52	1752.54	1749.09	1751.69	3478	0	10
2022.11.30	17:45:00	1751.65	1752.77	1749.91	1752.59	3504	0	10
2022.11.30	18:00:00	1752.61	1753.44	1750.50	1753.07	3455	0	10
2022.11.30	18:15:00	1753.07	1754.19	1752.03	1753.21	3149	0	10
2022.11.30	18:30:00	1753.17	1754.27	1752.70	1752.77	2543	0	10
2022.11.30	18:45:00	1752.78	1753.59	1752.09	1752.12	1497	0	10
2022.11.30	19:00:00	1752.12	1752.77	1751.63	1752.77	1783	0	10
2022.11.30	19:15:00	1752.75	1754.00	1751.25	1753.81	1910	0	10
2022.11.30	19:30:00	1753.83	1753.86	1751.20	1752.83	1962	0	10
2022.11.30	19:45:00	1752.83	1754.05	1752.07	1752.81	1336	0	10
2022.11.30	20:00:00	1752.80	1752.80	1750.89	1751.02	1732	0	10
2022.11.30	20:15:00	1751.07	1751.41	1744.76	1746.82	2185	0	10
2022.11.30	20:30:00	1746.82	1758.83	1745.18	1757.79	5804	0	10
2022.11.30	20:45:00	1757.78	1761.06	1754.49	1760.34	4648	0	10
2022.11.30	21:00:00	1760.47	1763.18	1756.76	1759.60	3935	0	10
2022.11.30	21:15:00	1759.60	1764.39	1759.59	1761.99	3758	0	10
2022.11.30	21:30:00	1761.99	1766.48	1760.22	1764.81	3493	0	10
2022.11.30	21:45:00	1764.79	1768.82	1764.79	1767.79	3445	0	10
2022.11.30	22:00:00	1767.87	1768.81	1766.30	1768.44	2437	0	10
2022.11.30	22:15:00	1768.40	1768.84	1767.75	1768.53	1529	0	10
2022.11.30	22:30:00	1768.53	1769.77	1768.21	1769.37	2181	0	10
2022.11.30	22:45:00	1769.36	1769.96	1768.68	1769.90	2752	0	10
2022.11.30	23:00:00	1769.91	1769.94	1768.76	1769.16	2212	0	10
2022.11.30	23:15:00	1769.16	1769.20	1768.52	1769.09	758	0	10
2022.11.30	23:30:00	1769.11	1769.14	1768.33	1768.33	619	0	10
2022.11.30	23:45:00	1768.33	1768.61	1767.71	1768.32	455	0	10
2022.12.01	01:00:00	1769.90	1771.01	1769.33	1770.22	1040	0	6
2022.12.01	01:15:00	1770.34	1771.16	1769.57	1770.38	1268	0	6
2022.12.01	01:30:00	1770.21	1772.80	1770.19	1772.30	1088	0	6
2022.12.01	01:45:00	1772.33	1773.52	1771.95	1773.43	1088	0	6
2022.12.01	02:00:00	1773.43	1775.68	1773.31	1775.58	1824	0	6
2022.12.01	02:15:00	1775.61	1777.00	1774.84	1774.96	1699	0	6
2022.12.01	02:30:00	1774.95	1776.06	1774.46	1775.75	1397	0	6
2022.12.01	02:45:00	1775.75	1778.73	1775.74	1778.35	1697	0	6
2022.12.01	03:00:00	1778.37	1780.05	1777.35	1779.15	2602	0	6
2022.12.01	03:15:00	1779.22	1779.63	1776.23	1777.45	1841	0	10
2022.12.01	03:30:00	1777.42	1777.76	1776.20	1776.48	1891	0	10
2022.12.01	03:45:00	1776.47	1777.77	1775.50	1775.84	2085	0	10
2022.12.01	04:00:00	1775.83	1775.97	1771.85	1773.74	2230	0	10
2022.12.01	04:15:00	1773.77	1775.37	1773.66	1775.34	1525	0	10
2022.12.01	04:30:00	1775.19	1775.90	1774.55	1775.07	2130	0	10
2022.12.01	04:45:00	1775.07	1775.66	1772.96	1773.33	1545	0	10
2022.12.01	05:00:00	1773.33	1775.05	1772.98	1774.16	1143	0	10
2022.12.01	05:15:00	1774.16	1775.59	1774.09	1774.85	1413	0	10
2022.12.01	05:30:00	1774.87	1776.67	1774.77	1776.10	994	0	10
2022.12.01	05:45:00	1776.08	1776.89	1775.56	1776.45	707	0	10
2022.12.01	06:00:00	1776.48	1777.69	1776.03	1777.47	724	0	10
2022.12.01	06:15:00	1777.50	1778.26	1777.19	1778.05	824	0	10
2022.12.01	06:30:00	1778.04	1779.44	1778.00	1779.37	1091	0	10
2022.12.01	06:45:00	1779.36	1779.98	1779.22	1779.55	908	0	10
2022.12.01	07:00:00	1779.62	1779.98	1779.29	1779.85	869	0	10
2022.12.01	07:15:00	1779.85	1780.09	1779.26	1779.46	1482	0	10
2022.12.01	07:30:00	1779.45	1782.69	1779.18	1782.00	1734	0	10
2022.12.01	07:45:00	1781.91	1782.19	1779.67	1780.01	1210	0	10
2022.12.01	08:00:00	1780.01	1781.06	1779.57	1780.90	1113	0	10
2022.12.01	08:15:00	1780.90	1783.08	1780.78	1782.14	1281	0	10
2022.12.01	08:30:00	1782.09	1783.36	1781.54	1782.51	1513	0	10
2022.12.01	08:45:00	1782.51	1783.76	1781.75	1782.76	1397	0	10
2022.12.01	09:00:00	1782.64	1783.68	1779.17	1780.20	1732	0	10
2022.12.01	09:15:00	1780.20	1781.77	1779.04	1779.38	2014	0	10
2022.12.01	09:30:00	1779.41	1780.35	1778.07	1778.41	1866	0	10
2022.12.01	09:45:00	1778.40	1778.83	1774.63	1775.35	2966	0	10
2022.12.01	10:00:00	1775.39	1777.69	1774.79	1777.68	3649	0	10
2022.12.01	10:15:00	1777.66	1778.07	1774.99	1776.37	2209	0	10
2022.12.01	10:30:00	1776.34	1778.80	1775.63	1778.65	2121	0	10
2022.12.01	10:45:00	1778.63	1779.17	1777.29	1778.22	2172	0	10
2022.12.01	11:00:00	1778.22	1778.60	1776.38	1777.49	1965	0	10
2022.12.01	11:15:00	1777.49	1778.40	1777.00	1777.44	1249	0	10
2022.12.01	11:30:00	1777.44	1778.21	1776.27	1777.60	1856	0	10
2022.12.01	11:45:00	1777.61	1778.73	1776.85	1778.25	1674	0	10
2022.12.01	12:00:00	1778.28	1779.69	1778.10	1779.12	1652	0	10
2022.12.01	12:15:00	1779.13	1780.02	1778.80	1779.57	1412	0	10
2022.12.01	12:30:00	1779.59	1779.90	1777.53	1777.54	1510	0	10
2022.12.01	12:45:00	1777.54	1778.63	1776.52	1776.65	1610	0	10
2022.12.01	13:00:00	1776.64	1778.83	1776.46	1778.28	1576	0	10
2022.12.01	13:15:00	1778.24	1780.19	1777.26	1780.17	1416	0	10
2022.12.01	13:30:00	1780.15	1781.36	1780.15	1780.44	1596	0	10
2022.12.01	13:45:00	1780.43	1780.97	1779.72	1780.52	1357	0	10
2022.12.01	14:00:00	1780.64	1782.99	1780.58	1782.00	2089	0	10
2022.12.01	14:15:00	1782.01	1784.10	1781.68	1783.54	1716	0	10
2022.12.01	14:30:00	1783.56	1784.50	1783.23	1783.59	1999	0	10
2022.12.01	14:45:00	1783.56	1785.12	1783.08	1784.76	1997	0	10
2022.12.01	15:00:00	1784.85	1787.20	1784.52	1784.79	2829	0	10
2022.12.01	15:15:00	1784.79	1788.29	1784.57	1788.24	2693	0	10
2022.12.01	15:30:00	1788.23	1791.06	1786.00	1788.99	5211	0	10
2022.12.01	15:45:00	1789.12	1792.17	1787.92	1789.41	4462	0	10
2022.12.01	16:00:00	1789.37	1796.75	1789.20	1796.43	4023	0	10
2022.12.01	16:15:00	1796.43	1799.66	1795.99	1799.30	3430	0	10
2022.12.01	16:30:00	1799.35	1800.30	1795.76	1798.97	5258	0	10
2022.12.01	16:45:00	1798.97	1803.49	1798.86	1801.59	4409	0	10
2022.12.01	17:00:00	1801.59	1804.05	1799.05	1799.39	5593	0	10
2022.12.01	17:15:00	1799.40	1800.32	1795.28	1795.86	4526	0	10
2022.12.01	17:30:00	1795.78	1798.75	1794.19	1796.26	4690	0	10
2022.12.01	17:45:00	1796.24	1797.31	1794.73	1796.50	4433	0	10
2022.12.01	18:00:00	1796.51	1799.77	1796.16	1799.11	3545	0	10
2022.12.01	18:15:00	1799.10	1799.50	1797.70	1799.01	3309	0	10
2022.12.01	18:30:00	1799.01	1802.26	1798.99	1801.88	3048	0	10
2022.12.01	18:45:00	1801.81	1802.77	1801.26	1802.39	3061	0	10
2022.12.01	19:00:00	1802.38	1802.44	1799.76	1800.27	2746	0	10
2022.12.01	19:15:00	1800.28	1802.22	1798.95	1802.12	2760	0	10
2022.12.01	19:30:00	1802.12	1802.59	1801.49	1801.94	1966	0	10
2022.12.01	19:45:00	1801.94	1802.53	1801.25	1801.62	1733	0	10
2022.12.01	20:00:00	1801.58	1802.94	1800.46	1800.75	1814	0	10
2022.12.01	20:15:00	1800.75	1801.30	1799.41	1800.82	1889	0	10
2022.12.01	20:30:00	1800.83	1801.46	1799.27	1801.20	1926	0	10
2022.12.01	20:45:00	1801.20	1801.79	1800.12	1801.38	1011	0	10
2022.12.01	21:00:00	1801.41	1801.56	1800.19	1801.44	1481	0	10
2022.12.01	21:15:00	1801.44	1802.63	1801.27	1801.29	1497	0	10
2022.12.01	21:30:00	1801.29	1802.65	1801.07	1802.30	1219	0	10
2022.12.01	21:45:00	1802.33	1803.34	1802.19	1803.26	1348	0	10
2022.12.01	22:00:00	1803.25	1803.31	1801.23	1801.33	2035	0	10
2022.12.01	22:15:00	1801.34	1802.02	1801.17	1801.60	1032	0	10
2022.12.01	22:30:00	1801.69	1803.42	1801.60	1803.08	1707	0	10
2022.12.01	22:45:00	1803.07	1803.52	1802.74	1803.39	1655	0	10
2022.12.01	23:00:00	1803.31	1803.47	1802.79	1802.93	745	0	10
2022.12.01	23:15:00	1802.92	1803.03	1802.48	1802.69	483	0	10
2022.12.01	23:30:00	1802.69	1802.98	1802.29	1802.98	410	0	10
2022.12.01	23:45:00	1802.98	1803.28	1802.88	1803.10	303	0	10
2022.12.02	01:00:00	1802.31	1804.35	1802.29	1804.07	469	0	6
2022.12.02	01:15:00	1804.06	1804.54	1803.14	1803.27	566	0	6
2022.12.02	01:30:00	1803.35	1803.46	1802.13	1802.28	523	0	6
2022.12.02	01:45:00	1802.24	1802.71	1801.92	1802.23	622	0	6
2022.12.02	02:00:00	1802.32	1802.56	1801.30	1801.51	987	0	6
2022.12.02	02:15:00	1801.51	1801.70	1800.61	1800.78	827	0	6
2022.12.02	02:30:00	1800.80	1801.16	1800.23	1800.58	627	0	6
2022.12.02	02:45:00	1800.61	1800.93	1799.67	1799.86	964	0	6
2022.12.02	03:00:00	1799.90	1800.29	1798.24	1798.73	1387	0	6
2022.12.02	03:15:00	1798.72	1799.89	1798.29	1798.54	1254	0	10
2022.12.02	03:30:00	1798.62	1799.69	1797.79	1798.05	1145	0	10
2022.12.02	03:45:00	1798.03	1798.62	1797.24	1797.98	1286	0	10
2022.12.02	04:00:00	1797.99	1798.68	1797.46	1797.59	999	0	10
2022.12.02	04:15:00	1797.68	1797.88	1796.89	1797.28	780	0	10
2022.12.02	04:30:00	1797.28	1797.44	1795.58	1795.84	1439	0	10
2022.12.02	04:45:00	1795.82	1798.12	1795.57	1797.90	1161	0	10
2022.12.02	05:00:00	1797.91	1798.78	1797.58	1798.05	1143	0	10
2022.12.02	05:15:00	1798.07	1798.17	1796.34	1797.22	882	0	10
2022.12.02	05:30:00	1797.25	1798.16	1797.10	1797.69	528	0	10
2022.12.02	05:45:00	1797.82	1799.08	1797.60	1798.24	670	0	10
2022.12.02	06:00:00	1798.26	1798.55	1796.85	1796.98	504	0	10
2022.12.02	06:15:00	1797.00	1797.12	1796.43	1796.99	482	0	10
2022.12.02	06:30:00	1796.99	1797.27	1796.30	1796.40	563	0	10
2022.12.02	06:45:00	1796.50	1797.50	1795.70	1797.34	665	0	10
2022.12.02	07:00:00	1797.37	1798.53	1797.15	1798.35	915	0	10
2022.12.02	07:15:00	1798.35	1798.51	1796.75	1797.00	771	0	10
2022.12.02	07:30:00	1797.01	1797.38	1796.30	1797.17	1070	0	10
2022.12.02	07:45:00	1797.20	1797.70	1796.54	1797.24	1048	0	10
2022.12.02	08:00:00	1797.24	1799.15	1797.00	1799.15	1505	0	10
2022.12.02	08:15:00	1799.15	1800.36	1798.68	1799.76	1404	0	10
2022.12.02	08:30:00	1799.76	1800.48	1799.29	1799.56	1223	0	10
2022.12.02	08:45:00	1799.56	1799.75	1798.81	1799.06	931	0	10
